{"name":"build-javascript","namedChunkGroups":{"polyfill":{"name":"polyfill","assets":[{"name":"webpack-runtime-62ac518f4bf829836474.js","size":4784},{"name":"polyfill-d6138e6ff8e40e6683fe.js","size":84481}],"filteredAssets":0,"assetsSize":89265,"filteredAuxiliaryAssets":2,"auxiliaryAssetsSize":215504},"app":{"name":"app","assets":[{"name":"webpack-runtime-62ac518f4bf829836474.js","size":4784},{"name":"framework-1529b68c79a10f2e233e.js","size":132878},{"name":"app-af70dbeed70bf55da801.js","size":67951}],"filteredAssets":0,"assetsSize":205613,"filteredAuxiliaryAssets":3,"auxiliaryAssetsSize":549429}},"assetsByChunkName":{"polyfill":["webpack-runtime-62ac518f4bf829836474.js","polyfill-d6138e6ff8e40e6683fe.js"],"app":["webpack-runtime-62ac518f4bf829836474.js","framework-1529b68c79a10f2e233e.js","app-af70dbeed70bf55da801.js"]},"childAssetsByChunkName":{}}